Model,SMOTE,Accuracy_Mean,Accuracy_Std,Precision_Macro_Mean,Precision_Macro_Std,Recall_Macro_Mean,Recall_Macro_Std,F1_Macro_Mean,F1_Macro_Std
RandomForest,False,0.9928666666666667,0.0018208667044996901,0.993028734975765,0.0017898066270400621,0.9944557448205985,0.001424955892292228,0.9937216329286198,0.0014765438493445453
RandomForest,True,0.9933333333333333,0.002022100118413748,0.9933239464443588,0.0023369261563890003,0.9950100862336787,0.0015496883437020764,0.9941470302896097,0.0018870701707694995
SVM,False,0.9878,0.00374521917471684,0.9878539046221081,0.004639165354682295,0.9869343178544635,0.004174986666602207,0.9873660345353099,0.004220588711237839
SVM,True,0.9804,0.003826225293941802,0.9735417507515329,0.005412145656836128,0.983700420741907,0.0036649313987728127,0.9783773223122079,0.004500281642348056
